﻿<?xml version="1.0" encoding="utf-8"?>
<!DOCTYPE dotfuscatorMap SYSTEM "http://www.preemptive.com/dotfuscator/dtd/dotfuscatorMap_v1.2.dtd">
<dotfuscatorMap version="1.1">
    <header>
        <timestamp>2022-06-01T19:00:02</timestamp>
        <product version="6.5.0+76d4669002" user=" ">Dotfuscator Community</product>
    </header>
    <mapping>
        <module>
            <name>Seminar.exe</name>
            <type>
                <name>Seminar.Program</name>
                <newname>a</newname>
                <methodlist>
                    <method>
                        <signature>void()</signature>
                        <name>.ctor</name>
                    </method>
                    <method>
                        <signature>void(string[])</signature>
                        <name>Main</name>
                        <newname>a</newname>
                    </method>
                </methodlist>
                <fieldlist />
                <propertylist />
                <eventlist />
            </type>
        </module>
    </mapping>
    <statistics>
        <statisticline>
            <description>Total Classes</description>
            <statistic>1</statistic>
        </statisticline>
        <statisticline>
            <description>Total Methods</description>
            <statistic>2</statistic>
        </statisticline>
        <statisticline>
            <description>Total Fields</description>
            <statistic>0</statistic>
        </statisticline>
        <statisticline>
            <description>Total Properties</description>
            <statistic>0</statistic>
        </statisticline>
        <statisticline>
            <description>Total Events</description>
            <statistic>0</statistic>
        </statisticline>
        <statisticline>
            <description>Total Classes Renamed</description>
            <statistic>1</statistic>
            <statistic>100.00 %</statistic>
        </statisticline>
        <statisticline>
            <description>Total Methods Renamed</description>
            <statistic>1</statistic>
            <statistic>50.00 %</statistic>
        </statisticline>
        <statisticline>
            <description>Total Fields Renamed</description>
            <statistic>0</statistic>
            <statistic>0.00 %</statistic>
        </statisticline>
        <statisticline>
            <description>Total Properties Renamed</description>
            <statistic>0</statistic>
            <statistic>0.00 %</statistic>
        </statisticline>
        <statisticline>
            <description>Total Events Renamed</description>
            <statistic>0</statistic>
            <statistic>0.00 %</statistic>
        </statisticline>
        <statisticline>
            <description>Methods Renamed to 'a'</description>
            <statistic>1</statistic>
            <statistic>50.00 %</statistic>
        </statisticline>
    </statistics>
</dotfuscatorMap>